{"width":10000,"height":10000,"duration":864000,"nCrisis":5,"operators":[{"x":1763,"y":7444,"communicationRange":2000.0,"tasks":[{"x":3809,"y":1643,"time":1400,"nCrisis":0},{"x":2003,"y":1108,"time":1800,"nCrisis":0}]}],"planes":[{"x":4338,"y":7342,"speed":1.388888888888889,"batteryCapacity":8640000,"initialBattery":8169636,"color":[29,105,20],"communicationRange":2000.0},{"x":2330,"y":7721,"speed":1.388888888888889,"batteryCapacity":8640000,"initialBattery":8281205,"color":[129,38,192],"communicationRange":2000.0}],"stations":[{"x":1332,"y":3604}],"generatorSettings":{"charging-stations":"1","battery-capacity":"8640000","hotspot-radius":"2000","task-frequency":"0.001666666666667","width":"10000","communication-range":"2000","duration":"864000","height":"10000","task-distribution":"hotspot","crises":"4","plane-speed":"1.388888888888889","operators":"1","planes":"10","hotspot-freedom-degrees":"3"}}